合约,开仓时间,开仓均价,平仓均价,平仓量,平仓价值,仓位盈亏,已实现盈亏,资金费用,开仓手续费,平仓手续费,全部平仓时间
SYM_AA Short·Isolated,2026-08-05 10:10:38,139.06,137.59,0.24SYM_AA,33.0216,0.3395208,0.3528,0,-0.00667488,-0.00660432,2026-08-05 10:40:48
SYM_AA Long·Isolated,2026-08-04 21:02:16,131.78,130.31,0.14SYM_AA,18.2434,-0.22781556,-0.2058,0,-0.01106952,-0.01094604,2026-08-04 21:30:04
SYM_AA Short·Isolated,2026-08-04 09:02:08,115.989999999999,115.88,0.96SYM_AA,111.2448,0.061080959999,0.105599999999,0,-0.02227008,-0.02224896,2026-08-04 11:11:37
SYM_AA Short·Isolated,2026-08-03 16:07:43,115.96,115.79,0.14SYM_AA,16.2106,0.01081724,0.0238,0,-0.00974064,-0.00324212,2026-08-03 16:17:58
SYM_AA Long·Isolated,2026-08-03 15:11:28,118.91,117.34,0.24SYM_AA,28.1616,-0.41082,-0.3768,0,-0.01712304,-0.01689696,2026-08-03 15:40:56
SYM_AA Short·Isolated,2026-07-31 19:05:46,129.53,129.08,0.19SYM_AA,24.5252,0.06586274,0.0855,0,-0.00492214,-0.01471512,2026-07-31 19:28:09
SYM_AA Long·Isolated,2026-07-31 16:50:26,128.5,127.12,0.1SYM_AA,12.712,-0.1481972,-0.138,0,-0.00257,-0.0076272,2026-07-31 17:34:50
SYM_AA Short·Isolated,2026-07-31 11:12:30,120.53,122.48,0.12SYM_AA,14.6976,-0.24571128,-0.234,0,-0.00289272,-0.00881856,2026-07-31 11:21:44
SYM_AA Long·Isolated,2026-07-30 17:49:59,95.01,97.28,0.15SYM_AA,14.592,0.3347313,0.3405,0,-0.0028503,-0.0029184,2026-07-30 18:40:34
SYM_AA Long·Isolated,2026-07-30 15:40:41,91.81,91.6,0.26SYM_AA,23.816,-0.07366372,-0.0546,0,-0.00477412,-0.0142896,2026-07-30 15:55:22
SYM_AA Short·Isolated,2026-07-30 10:57:34,94.93,93.4,0.19SYM_AA,17.746,0.27644506,0.2907,0,-0.00360734,-0.0106476,2026-07-30 11:25:32
SYM_AA Long·Isolated,2026-07-30 09:35:56,99.17,96.31,0.09SYM_AA,8.6679,-0.26795592,-0.2574,0,-0.00535518,-0.00520074,2026-07-30 10:30:05
SYM_AA Long·Cross,2026-07-29 17:50:33,111.18,107.5,0.1SYM_AA,10.75,-0.3766736,-0.368,0,-0.0022236,-0.00645,2026-07-29 18:49:09
SYM_AA Short·Cross,2026-07-29 11:59:19,99.8,102.27,0.08SYM_AA,8.1816,-0.20410576,-0.1976,0,-0.0015968,-0.00490896,2026-07-29 13:03:25
SYM_AA Short·Cross,2026-07-28 10:05:35,119.18,118.96,0.1SYM_AA,11.896,0.0124788,0.022,0,-0.0023836,-0.0071376,2026-07-28 10:38:42
SYM_AB Short·Isolated,2026-07-28 09:50:37,63250.3,63135.4,0.0093SYM_AB,587.15922,0.96172005591,1.06857,0.36309114591,-0.117645558,-0.352295532,2026-08-02 10:06:46
SYM_AA Short·Cross,2026-07-28 08:56:47,122.26,121.78,0.08SYM_AA,9.7424,0.0305984,0.0384,0,-0.00195616,-0.00584544,2026-07-28 09:34:22
SYM_AC Short·Cross,2026-07-27 11:45:50,1202.76,1202.69,0.03SYM_AD,36.0807,0.0461507304,0.0021,0.0729165504,-0.02164968,-0.00721614,2026-07-27 12:28:14
SYM_AE Long·Isolated,2026-07-27 09:59:59,59.51,59.609,0.83SYM_AE,49.47547,0.062396246,0.08217,0,-0.00987866,-0.009895094,2026-07-27 11:23:45
SYM_AA Long·Cross,2026-07-24 19:05:14,156.33,156.34,0.23SYM_AA,35.9582,-0.01208282,0.0023,0,-0.00719118,-0.00719164,2026-07-24 19:17:28
SYM_AA Short·Cross,2026-07-24 11:36:19,151.97,151.27,0.22SYM_AA,33.2794,0.12734568,0.154,0,-0.00668668,-0.01996764,2026-07-24 12:11:58
SYM_AA Short·Cross,2026-07-24 10:06:15,154.64,152.75,0.15SYM_AA,22.9125,0.2649999,0.2835,0,-0.0139176,-0.0045825,2026-07-24 11:15:45
SYM_AA Short·Cross,2026-07-23 11:14:05,157.64,160.54,4.94SYM_AA,793.0676,-14.95758888,-14.326,0,-0.15574832,-0.47584056,2026-07-23 11:36:59
SYM_AA Short·Cross,2026-07-22 20:02:30,146.04,147.11,0.1SYM_AA,14.711,-0.1187474,-0.107,0,-0.0029208,-0.0088266,2026-07-22 21:24:23
SYM_AA Short·Cross,2026-07-22 17:41:37,147.99,150.07,0.15SYM_AA,22.5105,-0.329946,-0.312,0,-0.0044397,-0.0135063,2026-07-22 18:21:18
SYM_AA Short·Cross,2026-07-22 15:37:13,147.23,149.49,0.15SYM_AA,22.4235,-0.3657048,-0.339,0,-0.0132507,-0.0134541,2026-07-22 17:21:14
SYM_AA Long·Cross,2026-07-21 13:48:35,148.14,149.64,0.13SYM_AA,19.4532,0.18725772,0.195,0,-0.00385164,-0.00389064,2026-07-21 15:23:00
SYM_AA Long·Cross,2026-07-21 10:05:10,141.57,147.19,0.12SYM_AA,17.6628,0.6606744,0.6744,0,-0.01019304,-0.00353256,2026-07-21 11:41:28
SYM_AE Short·Isolated,2026-07-17 14:10:58,59.262,58.484,0.47SYM_AE,27.48748,0.34345062,0.36566,0,-0.016711884,-0.005497496,2026-07-17 15:35:28
SYM_AE Short·Isolated,2026-07-17 11:40:35,60.296,60.134,0.32SYM_AE,19.24288,0.029677344,0.05184,0.000959904,-0.011576832,-0.011545728,2026-07-17 12:48:13
SYM_AE Short·Isolated,2026-07-16 15:31:03,66.516,65.608,0.79SYM_AE,51.83032,0.6780514305,0.71732,0.0026260785,-0.031528584,-0.010366064,2026-07-16 16:17:02
SYM_AE Long·Isolated,2026-07-16 14:53:36,66.914,66.574,0.73SYM_AE,48.59902,-0.287128856,-0.2482,0,-0.009769444,-0.029159412,2026-07-16 15:28:47
CL Long·Isolated,2026-07-16 14:36:09,79.062,83.0,0.72CL,59.76,2.76558019488,2.83536,0.00023097888,-0.034154784,-0.035856,2026-07-20 15:31:24
SYM_AF Long·Isolated,2026-07-15 12:57:39,77.924,77.743,0.7SYM_AF,54.4201,-0.17026142,-0.1267,0,-0.01090936,-0.03265206,2026-07-15 13:23:08
SYM_AE Short·Isolated,2026-07-13 21:02:02,64.219,63.593,0.71SYM_AE,45.15103,0.426310696,0.44446,0,-0.009119098,-0.009030206,2026-07-13 21:41:24
SYM_AE Short·Isolated,2026-07-13 14:31:56,65.168,65.375,0.76SYM_AE,49.685,-0.216847608,-0.15732,0,-0.029716608,-0.029811,2026-07-13 15:22:59
SYM_AA Short·Cross,2026-07-13 13:30:09,171.67,175.05,0.12SYM_AA,21.006,-0.42232368,-0.4056,0,-0.00412008,-0.0126036,2026-07-13 13:40:25
SYM_AA Long·Cross,2026-07-10 14:45:19,188.73,189.0,0.22SYM_AA,41.58,0.02614788,0.0594,0,-0.00830412,-0.024948,2026-07-10 14:55:18
SYM_AE Long·Isolated,2026-07-10 11:36:17,68.251,67.952,0.56SYM_AE,38.05312,-0.199832248,-0.16744,-0.001916264,-0.007644112,-0.022831872,2026-07-10 14:04:42
SYM_AF Long·Isolated,2026-07-10 10:36:39,78.92,78.861,0.7SYM_AF,55.2027,-0.10756802,-0.0413,0,-0.0331464,-0.03312162,2026-07-10 14:28:43
SYM_AG Short·Cross,2026-07-10 10:02:19,545.71,554.16,0.02SYM_AG,11.0832,-0.17783276,-0.169,0,-0.00218284,-0.00664992,2026-07-10 10:32:55
SYM_AA Long·Cross,2026-07-09 21:55:37,204.14,198.49,0.07SYM_AA,13.8943,-0.40669454,-0.3955,0,-0.00285796,-0.00833658,2026-07-09 22:15:22
SYM_AA Long·Cross,2026-07-09 20:39:11,200.01,200.88,0.06SYM_AA,12.0528,0.0425682,0.0522,0,-0.00240012,-0.00723168,2026-07-09 21:48:44
SYM_AF Short·Isolated,2026-07-09 17:45:48,77.824,78.05,0.7SYM_AF,54.635,-0.20187636,-0.1582,0,-0.01089536,-0.032781,2026-07-09 17:53:59
SYM_AE Short·Isolated,2026-07-09 16:10:43,67.973,68.159,0.74SYM_AE,50.43766,-0.1779626,-0.13764,0,-0.010060004,-0.030262596,2026-07-09 16:20:34
SYM_AE Short·Isolated,2026-07-09 15:28:35,67.818,68.071,0.58SYM_AE,39.48118,-0.178295596,-0.14674,0,-0.007866888,-0.023688708,2026-07-09 16:00:06
SYM_AA Long·Cross,2026-07-09 15:15:57,184.07,184.36,0.11SYM_AA,20.2796,0.0156827,0.0319,0,-0.00404954,-0.01216776,2026-07-09 16:01:00
SYM_AE Long·Isolated,2026-07-09 14:26:05,68.095,68.179,0.43SYM_AE,29.31697,0.024400436,0.03612,0,-0.00585617,-0.005863394,2026-07-09 14:37:57
SYM_AA Long·Cross,2026-07-09 14:22:47,182.07,182.07,0.11SYM_AA,20.0277,-0.01602216,0,0,-0.01201662,-0.00400554,2026-07-09 14:53:50
SYM_AF Long·Isolated,2026-07-09 13:41:57,77.986,78.125,0.4SYM_AF,31.25,0.03061112,0.0556,0,-0.00623888,-0.01875,2026-07-09 14:10:34
SYM_AA Short·Cross,2026-07-09 13:29:45,176.52,176.29,0.12SYM_AA,21.1548,0.01067064,0.0276,0,-0.00423648,-0.01269288,2026-07-09 13:34:46
SYM_AA Short·Cross,2026-07-09 12:03:04,175.43,175.1,0.11SYM_AA,19.261,0.02088394,0.0363,0,-0.00385946,-0.0115566,2026-07-09 12:30:42
SYM_AE Short·Isolated,2026-07-09 10:35:01,67.213,67.591,0.31SYM_AE,20.95321,-0.14169151524,-0.11718,0.00056202876,-0.012501618,-0.012571926,2026-07-09 12:36:29
SYM_AA Long·Cross,2026-07-09 10:24:03,178.5,175.156666666666,0.06SYM_AA,10.509399999999,-0.20904764,-0.2006,0,-0.002142,-0.00630564,2026-07-09 10:44:33
SYM_AA Short·Cross,2026-07-08 16:20:44,160.56,148.27,0.06SYM_AA,8.8962,0.7298406,0.7374,0,-0.00578016,-0.00177924,2026-07-08 17:15:17
SYM_AA Short·Cross,2026-07-08 14:11:44,161.92,166.64,0.07SYM_AA,11.6648,-0.34419952,-0.3304,0,-0.00680064,-0.00699888,2026-07-08 16:14:25
SYM_AA Short·Cross,2026-07-08 09:55:29,167.53,170.29,0.05SYM_AA,8.5145,-0.1481346,-0.138,0,-0.0050259,-0.0051087,2026-07-08 11:10:39
SYM_AE Short·Isolated,2026-07-07 21:55:54,71.28,72.249,0.33SYM_AE,23.84217,-0.338779782,-0.31977,0,-0.00470448,-0.014305302,2026-07-07 22:58:11
SYM_AE Long·Isolated,2026-07-07 17:10:07,71.519,71.139044444442,0.45SYM_AE,32.012569999998,-0.209497672,-0.17098,0,-0.01931013,-0.019207542,2026-07-07 19:02:39
SYM_AE Short·Isolated,2026-07-07 16:35:42,70.611,71.065,0.52SYM_AE,36.9538,-0.265595824,-0.23608,0,-0.007343544,-0.02217228,2026-07-07 17:03:02
